"","filename","correct.binomial","global_region","drop"
"1","0732.jpg","Ahaetulla anomala","Asia","n"
"2","0183.jpg","Bungarus","Asia","n"
"3","0579.jpg","Chrysopelea ornata","Asia","y"
"4","0325.jpg","Cylindrophis burmanus","Asia","n"
"5","0756.jpg","Eryx whitakeri","Asia","n"
"6","1019.jpg","Homalopsis mereljcoxi","Asia","y"
"7","0633.jpg","Imantodes lentiferus","South America","n"
"8","0232.jpg","Lampropeltis gentilis","North America","n"
"9","0497.jpg","Laticauda laticaudata","Asia","n"
"10","0279.jpg","Lycodon capucinus","Asia","n"
"11","0271.jpg","Lycodon capucinus","Asia","n"
"12","0273.jpg","Lycodon capucinus","Asia","n"
"13","0272.jpg","Lycodon striatus","Asia","n"
"14","0404.jpg","Natrix natrix","Europe","n"
"15","0850.jpg","Natrix natrix","Europe","n"
"16","0116.jpg","Nerodia erythrogaster","North America","n"
"17","0460.jpg","Pseudaspis cana","Africa","y"
"18","0912.jpg","Pseudonaja","Australasia/Oceania","n"
"19","0580.jpg","Ptyas mucosa","Asia","n"
"20","0351.jpg","Python bivittatus","Asia","n"
"21","0355.jpg","Python bivittatus","Asia","n"
"22","0357.jpg","Python bivittatus","North America","n"
"23","0359.jpg","Python bivittatus","Asia","n"
"24","0783.jpg","Sistrurus tergeminus","North America","n"
"25","0786.jpg","Sistrurus tergeminus","North America","n"
"26","0788.jpg","Sistrurus tergeminus","North America","n"
"27","0789.jpg","Sistrurus tergeminus","North America","n"
"28","0796.jpg","Thamnophis sirtalis","North America","n"
"29","0903.jpg","Trimeresurus","Asia","n"
"30","0901.jpg","Trimeresurus vogeli","Asia","n"
"31","0574.jpg","Xenochrophis flavipunctatus","Asia","n"
"32","0575.jpg","Xenochrophis flavipunctatus","Asia","n"
"33","0126.jpg","Heterodon platirhinos","North America","n"
"34","0137.jpg","Lampropeltis calligaster","North America","n"
"35","0142.jpg","Philothamnus semivariegatus","Africa","n"
"36","0144.jpg","Philothamnus semivariegatus","Africa","n"
"37","0162.jpg","Daboia russelii","Asia","n"
"38","0543.jpg","Dendroaspis angusticeps","Africa","y"
"39","0868.jpg","Crotalus scutulatus","North America","n"
"40","0837.jpg","Pantherophis guttatus","North America","y"
"41","0001.jpg","Storeria dekayi","North America","n"
"42","0002.jpg","Storeria dekayi","North America","n"
"43","0003.jpg","Storeria dekayi","North America","n"
"44","0004.jpg","Storeria dekayi","North America","n"
"45","0005.jpg","Storeria dekayi","North America","n"
"46","0006.jpg","Storeria dekayi","North America","n"
"47","0007.jpg","Storeria dekayi","North America","n"
"48","0008.jpg","Storeria dekayi","North America","n"
"49","0009.jpg","Storeria dekayi","North America","n"
"50","0010.jpg","Storeria dekayi","North America","n"
"51","0011.jpg","Storeria occipitomaculata","North America","n"
"52","0012.jpg","Storeria occipitomaculata","North America","n"
"53","0013.jpg","Storeria occipitomaculata","North America","n"
"54","0014.jpg","Storeria occipitomaculata","North America","n"
"55","0015.jpg","Storeria occipitomaculata","North America","n"
"56","0016.jpg","Storeria occipitomaculata","North America","n"
"57","0017.jpg","Storeria occipitomaculata","North America","n"
"58","0018.jpg","Storeria occipitomaculata","North America","n"
"59","0019.jpg","Storeria occipitomaculata","North America","n"
"60","0020.jpg","Storeria occipitomaculata","North America","n"
"61","0021.jpg","Vipera berus","Europe","n"
"62","0022.jpg","Vipera berus","Europe","n"
"63","0023.jpg","Vipera berus","Europe","n"
"64","0024.jpg","Vipera berus","Europe","n"
"65","0025.jpg","Vipera berus","Europe","n"
"66","0026.jpg","Vipera berus","Europe","n"
"67","0027.jpg","Vipera berus","Europe","n"
"68","0028.jpg","Vipera berus","Europe","n"
"69","0029.jpg","Vipera berus","Europe","n"
"70","0030.jpg","Vipera berus","Europe","n"
"71","0031.jpg","Vipera aspis","Europe","n"
"72","0032.jpg","Vipera aspis","Europe","n"
"73","0033.jpg","Vipera aspis","Europe","n"
"74","0034.jpg","Vipera aspis","Europe","n"
"75","0035.jpg","Vipera aspis","Europe","n"
"76","0036.jpg","Vipera aspis","Europe","n"
"77","0037.jpg","Vipera aspis","Europe","n"
"78","0038.jpg","Vipera aspis","Europe","n"
"79","0039.jpg","Vipera aspis","Europe","n"
"80","0040.jpg","Vipera aspis","Europe","n"
"81","0041.jpg","Bitis arietans","Africa","n"
"82","0042.jpg","Bitis arietans","Africa","n"
"83","0043.jpg","Bitis arietans","Africa","n"
"84","0044.jpg","Bitis arietans","Africa","n"
"85","0045.jpg","Bitis arietans","Africa","n"
"86","0046.jpg","Bitis arietans","Africa","n"
"87","0047.jpg","Bitis arietans","Africa","n"
"88","0048.jpg","Bitis arietans","Africa","n"
"89","0049.jpg","Bitis arietans","Africa","n"
"90","0050.jpg","Bitis arietans","Africa","n"
"91","0051.jpg","Dispholidus typus","Africa","n"
"92","0052.jpg","Dispholidus typus","Africa","n"
"93","0053.jpg","Dispholidus typus","Africa","n"
"94","0054.jpg","Dispholidus typus","Africa","n"
"95","0055.jpg","Dispholidus typus","Africa","n"
"96","0056.jpg","Dispholidus typus","Africa","n"
"97","0057.jpg","Dispholidus typus","Africa","n"
"98","0058.jpg","Dispholidus typus","Africa","n"
"99","0059.jpg","Dispholidus typus","Africa","n"
"100","0060.jpg","Dispholidus typus","Africa","n"
"101","0061.jpg","Vermicella annulata","Australasia/Oceania","n"
"102","0062.jpg","Vermicella annulata","Australasia/Oceania","n"
"103","0063.jpg","Vermicella annulata","Australasia/Oceania","n"
"104","0064.jpg","Vermicella annulata","Australasia/Oceania","n"
"105","0065.jpg","Vermicella annulata","Australasia/Oceania","n"
"106","0066.jpg","Vermicella annulata","Australasia/Oceania","n"
"107","0067.jpg","Vermicella annulata","Australasia/Oceania","n"
"108","0068.jpg","Vermicella annulata","Australasia/Oceania","n"
"109","0069.jpg","Vermicella annulata","Australasia/Oceania","n"
"110","0070.jpg","Vermicella annulata","Australasia/Oceania","y"
"111","0071.jpg","Dendroaspis polylepis","Africa","n"
"112","0072.jpg","Dendroaspis polylepis","Africa","n"
"113","0073.jpg","Dendroaspis polylepis","Africa","n"
"114","0074.jpg","Dendroaspis polylepis","Africa","n"
"115","0075.jpg","Dendroaspis polylepis","Africa","n"
"116","0076.jpg","Dendroaspis polylepis","Africa","n"
"117","0077.jpg","Dendroaspis polylepis","Africa","n"
"118","0078.jpg","Dendroaspis polylepis","Africa","n"
"119","0079.jpg","Dendroaspis polylepis","Africa","n"
"120","0080.jpg","Dendroaspis polylepis","Africa","n"
"121","0081.jpg","Agkistrodon contortrix","North America","n"
"122","0082.jpg","Agkistrodon contortrix","North America","n"
"123","0083.jpg","Agkistrodon contortrix","North America","n"
"124","0084.jpg","Agkistrodon contortrix","North America","n"
"125","0085.jpg","Agkistrodon contortrix","North America","n"
"126","0086.jpg","Agkistrodon contortrix","North America","n"
"127","0087.jpg","Agkistrodon contortrix","North America","n"
"128","0088.jpg","Agkistrodon contortrix","North America","n"
"129","0089.jpg","Agkistrodon contortrix","North America","n"
"130","0090.jpg","Agkistrodon contortrix","North America","n"
"131","0091.jpg","Agkistrodon piscivorus","North America","n"
"132","0092.jpg","Agkistrodon piscivorus","North America","n"
"133","0093.jpg","Agkistrodon piscivorus","North America","n"
"134","0094.jpg","Agkistrodon piscivorus","North America","n"
"135","0095.jpg","Agkistrodon piscivorus","North America","n"
"136","0096.jpg","Agkistrodon piscivorus","North America","n"
"137","0097.jpg","Agkistrodon piscivorus","North America","n"
"138","0098.jpg","Agkistrodon piscivorus","North America","n"
"139","0099.jpg","Agkistrodon piscivorus","North America","n"
"140","0100.jpg","Agkistrodon piscivorus","North America","n"
"141","0101.jpg","Nerodia sipedon","North America","n"
"142","0102.jpg","Nerodia sipedon","North America","n"
"143","0103.jpg","Nerodia sipedon","North America","n"
"144","0104.jpg","Nerodia sipedon","North America","n"
"145","0105.jpg","Nerodia sipedon","North America","n"
"146","0106.jpg","Nerodia sipedon","North America","n"
"147","0107.jpg","Nerodia sipedon","North America","n"
"148","0108.jpg","Nerodia sipedon","North America","n"
"149","0109.jpg","Nerodia sipedon","North America","n"
"150","0110.jpg","Nerodia sipedon","North America","n"
"151","0111.jpg","Nerodia fasciata","North America","n"
"152","0112.jpg","Nerodia fasciata","North America","n"
"153","0113.jpg","Nerodia fasciata","North America","n"
"154","0114.jpg","Nerodia fasciata","North America","n"
"155","0115.jpg","Nerodia fasciata","North America","n"
"156","0117.jpg","Nerodia fasciata","North America","n"
"157","0118.jpg","Nerodia fasciata","North America","n"
"158","0119.jpg","Nerodia fasciata","North America","n"
"159","0120.jpg","Nerodia fasciata","North America","n"
"160","0121.jpg","Heterodon platirhinos","North America","n"
"161","0122.jpg","Heterodon platirhinos","North America","n"
"162","0123.jpg","Heterodon platirhinos","North America","n"
"163","0124.jpg","Heterodon platirhinos","North America","n"
"164","0125.jpg","Heterodon platirhinos","North America","n"
"165","0127.jpg","Heterodon platirhinos","North America","n"
"166","0128.jpg","Heterodon platirhinos","North America","n"
"167","0129.jpg","Heterodon platirhinos","North America","n"
"168","0130.jpg","Heterodon platirhinos","North America","n"
"169","0131.jpg","Lampropeltis calligaster","North America","n"
"170","0132.jpg","Lampropeltis calligaster","North America","n"
"171","0133.jpg","Lampropeltis calligaster","North America","n"
"172","0134.jpg","Lampropeltis calligaster","North America","n"
"173","0135.jpg","Lampropeltis calligaster","North America","n"
"174","0136.jpg","Lampropeltis calligaster","North America","n"
"175","0138.jpg","Lampropeltis calligaster","North America","n"
"176","0139.jpg","Lampropeltis calligaster","North America","n"
"177","0140.jpg","Lampropeltis calligaster","North America","n"
"178","0141.jpg","Philothamnus semivariegatus","Africa","n"
"179","0143.jpg","Philothamnus semivariegatus","Africa","n"
"180","0145.jpg","Philothamnus semivariegatus","Africa","n"
"181","0146.jpg","Philothamnus semivariegatus","Africa","n"
"182","0147.jpg","Philothamnus semivariegatus","Africa","n"
"183","0148.jpg","Philothamnus semivariegatus","Africa","n"
"184","0149.jpg","Philothamnus semivariegatus","Africa","n"
"185","0150.jpg","Philothamnus semivariegatus","Africa","n"
"186","0151.jpg","Echis ocellatus","Africa","n"
"187","0152.jpg","Echis ocellatus","Africa","n"
"188","0153.jpg","Echis ocellatus","Africa","n"
"189","0154.jpg","Echis ocellatus","Africa","n"
"190","0155.jpg","Echis ocellatus","Africa","n"
"191","0156.jpg","Echis ocellatus","Africa","n"
"192","0157.jpg","Echis ocellatus","Africa","n"
"193","0158.jpg","Echis ocellatus","Africa","n"
"194","0159.jpg","Echis ocellatus","Africa","n"
"195","0160.jpg","Echis ocellatus","Africa","n"
"196","0161.jpg","Daboia russelii","Asia","n"
"197","0163.jpg","Daboia russelii","Asia","n"
"198","0164.jpg","Daboia russelii","Asia","n"
"199","0165.jpg","Daboia russelii","Asia","n"
"200","0166.jpg","Daboia russelii","Asia","n"
"201","0167.jpg","Daboia russelii","Asia","n"
"202","0168.jpg","Daboia russelii","Asia","n"
"203","0169.jpg","Daboia russelii","Asia","n"
"204","0170.jpg","Daboia russelii","Asia","n"
"205","0171.jpg","Naja naja","Asia","n"
"206","0172.jpg","Naja naja","Asia","n"
"207","0173.jpg","Naja naja","Asia","n"
"208","0174.jpg","Naja naja","Asia","n"
"209","0175.jpg","Naja naja","Asia","n"
"210","0176.jpg","Naja naja","Asia","n"
"211","0177.jpg","Naja naja","Asia","n"
"212","0178.jpg","Naja naja","Asia","n"
"213","0179.jpg","Naja naja","Asia","n"
"214","0180.jpg","Naja naja","Asia","n"
"215","0181.jpg","Bungarus caeruleus","Asia","n"
"216","0182.jpg","Bungarus caeruleus","Asia","n"
"217","0184.jpg","Bungarus caeruleus","Asia","n"
"218","0185.jpg","Bungarus caeruleus","Asia","n"
"219","0186.jpg","Bungarus caeruleus","Asia","n"
"220","0187.jpg","Bungarus caeruleus","Asia","n"
"221","0188.jpg","Bungarus caeruleus","Asia","n"
"222","0189.jpg","Bungarus caeruleus","Asia","n"
"223","0190.jpg","Bungarus caeruleus","Asia","n"
"224","0191.jpg","Echis carinatus","Asia","n"
"225","0192.jpg","Echis carinatus","Asia","n"
"226","0193.jpg","Echis carinatus","Asia","n"
"227","0194.jpg","Echis carinatus","Asia","n"
"228","0195.jpg","Echis carinatus","Asia","n"
"229","0196.jpg","Echis carinatus","Asia","n"
"230","0197.jpg","Echis carinatus","Asia","n"
"231","0198.jpg","Echis carinatus","Asia","n"
"232","0199.jpg","Echis carinatus","Asia","n"
"233","0200.jpg","Echis carinatus","Asia","n"
"234","0201.jpg","Ophiophagus hannah","Asia","n"
"235","0202.jpg","Ophiophagus hannah","Asia","n"
"236","0203.jpg","Ophiophagus hannah","Asia","n"
"237","0204.jpg","Ophiophagus hannah","Asia","n"
"238","0205.jpg","Ophiophagus hannah","Asia","n"
"239","0206.jpg","Ophiophagus hannah","Asia","n"
"240","0207.jpg","Ophiophagus hannah","Asia","n"
"241","0208.jpg","Ophiophagus hannah","Asia","n"
"242","0209.jpg","Ophiophagus hannah","Asia","n"
"243","0210.jpg","Ophiophagus hannah","Asia","n"
"244","0211.jpg","Crotalus horridus","North America","n"
"245","0212.jpg","Crotalus horridus","North America","n"
"246","0213.jpg","Crotalus horridus","North America","n"
"247","0214.jpg","Crotalus horridus","North America","n"
"248","0215.jpg","Crotalus horridus","North America","n"
"249","0216.jpg","Crotalus horridus","North America","n"
"250","0217.jpg","Crotalus horridus","North America","n"
"251","0218.jpg","Crotalus horridus","North America","n"
"252","0219.jpg","Crotalus horridus","North America","n"
"253","0220.jpg","Crotalus horridus","North America","n"
"254","0221.jpg","Crotalus adamanteus","North America","n"
"255","0222.jpg","Crotalus adamanteus","North America","n"
"256","0223.jpg","Crotalus adamanteus","North America","n"
"257","0224.jpg","Crotalus adamanteus","North America","n"
"258","0225.jpg","Crotalus adamanteus","North America","n"
"259","0226.jpg","Crotalus adamanteus","North America","n"
"260","0227.jpg","Crotalus adamanteus","North America","n"
"261","0228.jpg","Crotalus adamanteus","North America","n"
"262","0229.jpg","Crotalus adamanteus","North America","n"
"263","0230.jpg","Crotalus adamanteus","North America","n"
"264","0231.jpg","Lampropeltis triangulum","North America","n"
"265","0233.jpg","Lampropeltis triangulum","North America","n"
"266","0234.jpg","Lampropeltis triangulum","North America","n"
"267","0235.jpg","Lampropeltis triangulum","North America","n"
"268","0236.jpg","Lampropeltis triangulum","North America","n"
"269","0237.jpg","Lampropeltis triangulum","North America","n"
"270","0238.jpg","Lampropeltis triangulum","North America","n"
"271","0239.jpg","Lampropeltis triangulum","North America","n"
"272","0240.jpg","Lampropeltis triangulum","North America","n"
"273","0241.jpg","Sonora semiannulata","North America","n"
"274","0242.jpg","Sonora semiannulata","North America","n"
"275","0243.jpg","Sonora semiannulata","North America","n"
"276","0244.jpg","Sonora semiannulata","North America","n"
"277","0245.jpg","Sonora semiannulata","North America","n"
"278","0246.jpg","Sonora semiannulata","North America","n"
"279","0247.jpg","Sonora semiannulata","North America","n"
"280","0248.jpg","Sonora semiannulata","North America","n"
"281","0249.jpg","Sonora semiannulata","North America","n"
"282","0250.jpg","Sonora semiannulata","North America","n"
"283","0251.jpg","Thamnophis radix","North America","n"
"284","0252.jpg","Thamnophis radix","North America","n"
"285","0253.jpg","Thamnophis radix","North America","n"
"286","0254.jpg","Thamnophis radix","North America","n"
"287","0255.jpg","Thamnophis radix","North America","n"
"288","0256.jpg","Thamnophis radix","North America","n"
"289","0257.jpg","Thamnophis radix","North America","n"
"290","0258.jpg","Thamnophis radix","North America","n"
"291","0259.jpg","Thamnophis radix","North America","n"
"292","0260.jpg","Thamnophis radix","North America","n"
"293","0261.jpg","Boa constrictor","South America","n"
"294","0262.jpg","Boa constrictor","North America","n"
"295","0263.jpg","Boa constrictor","North America","n"
"296","0264.jpg","Boa constrictor","South America","n"
"297","0265.jpg","Boa constrictor","North America","n"
"298","0266.jpg","Boa constrictor","South America","n"
"299","0267.jpg","Boa constrictor","South America","n"
"300","0268.jpg","Boa constrictor","North America","n"
"301","0269.jpg","Boa constrictor","North America","n"
"302","0270.jpg","Boa constrictor","North America","n"
"303","0274.jpg","Lycodon aulicus","Asia","n"
"304","0275.jpg","Lycodon aulicus","Asia","n"
"305","0276.jpg","Lycodon aulicus","Africa","n"
"306","0277.jpg","Lycodon aulicus","Asia","n"
"307","0278.jpg","Lycodon aulicus","Asia","n"
"308","0280.jpg","Lycodon aulicus","Asia","n"
"309","0281.jpg","Lachesis muta","South America","n"
"310","0282.jpg","Lachesis muta","South America","n"
"311","0283.jpg","Lachesis muta","South America","n"
"312","0284.jpg","Lachesis muta","South America","n"
"313","0285.jpg","Lachesis muta","South America","n"
"314","0286.jpg","Lachesis muta","South America","n"
"315","0287.jpg","Lachesis muta","South America","n"
"316","0288.jpg","Lachesis muta","South America","n"
"317","0289.jpg","Lachesis muta","South America","n"
"318","0290.jpg","Lachesis muta","South America","n"
"319","0291.jpg","Dasypeltis scabra","Africa","n"
"320","0292.jpg","Dasypeltis scabra","Africa","n"
"321","0293.jpg","Dasypeltis scabra","Africa","n"
"322","0294.jpg","Dasypeltis scabra","Africa","n"
"323","0295.jpg","Dasypeltis scabra","Africa","n"
"324","0296.jpg","Dasypeltis scabra","Africa","n"
"325","0297.jpg","Dasypeltis scabra","Africa","n"
"326","0298.jpg","Dasypeltis scabra","Africa","n"
"327","0299.jpg","Dasypeltis scabra","Africa","n"
"328","0300.jpg","Dasypeltis scabra","Africa","n"
"329","0301.jpg","Thelotornis capensis","Africa","n"
"330","0302.jpg","Thelotornis capensis","Africa","n"
"331","0303.jpg","Thelotornis capensis","Africa","n"
"332","0304.jpg","Thelotornis capensis","Africa","n"
"333","0305.jpg","Thelotornis capensis","Africa","n"
"334","0306.jpg","Thelotornis capensis","Africa","n"
"335","0307.jpg","Thelotornis capensis","Africa","n"
"336","0308.jpg","Thelotornis capensis","Africa","n"
"337","0309.jpg","Thelotornis capensis","Africa","n"
"338","0310.jpg","Thelotornis capensis","Africa","n"
"339","0311.jpg","Micrurus tener","North America","n"
"340","0312.jpg","Micrurus tener","North America","n"
"341","0313.jpg","Micrurus tener","North America","n"
"342","0314.jpg","Micrurus tener","North America","n"
"343","0315.jpg","Micrurus tener","North America","n"
"344","0316.jpg","Micrurus tener","North America","n"
"345","0317.jpg","Micrurus tener","North America","n"
"346","0318.jpg","Micrurus tener","North America","n"
"347","0319.jpg","Micrurus tener","North America","n"
"348","0320.jpg","Micrurus tener","North America","n"
"349","0321.jpg","Cylindrophis ruffus","Asia","n"
"350","0322.jpg","Cylindrophis ruffus","Asia","n"
"351","0323.jpg","Cylindrophis ruffus","Asia","n"
"352","0324.jpg","Cylindrophis ruffus","Asia","n"
"353","0326.jpg","Cylindrophis ruffus","Asia","n"
"354","0327.jpg","Cylindrophis ruffus","Asia","n"
"355","0328.jpg","Cylindrophis ruffus","Asia","n"
"356","0329.jpg","Cylindrophis ruffus","Asia","n"
"357","0330.jpg","Cylindrophis ruffus","Asia","n"
"358","0331.jpg","Pantherophis obsoletus","North America","n"
"359","0332.jpg","Pantherophis obsoletus","North America","n"
"360","0333.jpg","Pantherophis obsoletus","North America","n"
"361","0334.jpg","Pantherophis obsoletus","North America","n"
"362","0335.jpg","Pantherophis obsoletus","North America","n"
"363","0336.jpg","Pantherophis obsoletus","North America","n"
"364","0337.jpg","Pantherophis obsoletus","North America","n"
"365","0338.jpg","Pantherophis obsoletus","North America","n"
"366","0339.jpg","Pantherophis obsoletus","North America","n"
"367","0340.jpg","Pantherophis obsoletus","North America","n"
"368","0341.jpg","Indotyphlops braminus","North America","n"
"369","0342.jpg","Indotyphlops braminus","North America","n"
"370","0343.jpg","Indotyphlops braminus","North America","n"
"371","0344.jpg","Indotyphlops braminus","North America","n"
"372","0345.jpg","Indotyphlops braminus","Asia","n"
"373","0346.jpg","Indotyphlops braminus","North America","n"
"374","0347.jpg","Indotyphlops braminus","Asia","n"
"375","0348.jpg","Indotyphlops braminus","Asia","n"
"376","0349.jpg","Indotyphlops braminus","North America","n"
"377","0350.jpg","Indotyphlops braminus","North America","n"
"378","0352.jpg","Python molurus","Asia","n"
"379","0353.jpg","Python molurus","Asia","n"
"380","0354.jpg","Python molurus","Asia","n"
"381","0356.jpg","Python molurus","Asia","n"
"382","0358.jpg","Python molurus","Asia","n"
"383","0360.jpg","Python molurus","Asia","n"
"384","0361.jpg","Coluber constrictor","North America","n"
"385","0362.jpg","Coluber constrictor","North America","n"
"386","0363.jpg","Coluber constrictor","North America","n"
"387","0364.jpg","Coluber constrictor","North America","n"
"388","0365.jpg","Coluber constrictor","North America","n"
"389","0366.jpg","Coluber constrictor","North America","n"
"390","0367.jpg","Coluber constrictor","North America","n"
"391","0368.jpg","Coluber constrictor","North America","n"
"392","0369.jpg","Coluber constrictor","North America","n"
"393","0370.jpg","Coluber constrictor","North America","n"
"394","0371.jpg","Natrix natrix","Europe","n"
"395","0372.jpg","Natrix natrix","Europe","n"
"396","0373.jpg","Natrix natrix","Europe","n"
"397","0374.jpg","Natrix natrix","Europe","n"
"398","0375.jpg","Natrix natrix","Europe","n"
"399","0376.jpg","Natrix natrix","Europe","n"
"400","0377.jpg","Natrix natrix","Europe","n"
"401","0378.jpg","Natrix natrix","Europe","n"
"402","0379.jpg","Natrix natrix","Europe","n"
"403","0380.jpg","Natrix natrix","Europe","n"
"404","0381.jpg","Naja nigricollis","Africa","n"
"405","0382.jpg","Naja nigricollis","Africa","n"
"406","0383.jpg","Naja nigricollis","Africa","n"
"407","0384.jpg","Naja nigricollis","Africa","n"
"408","0385.jpg","Naja nigricollis","Africa","n"
"409","0386.jpg","Naja nigricollis","Africa","n"
"410","0387.jpg","Naja nigricollis","Africa","n"
"411","0388.jpg","Naja nigricollis","Africa","n"
"412","0389.jpg","Naja nigricollis","Africa","n"
"413","0390.jpg","Naja nigricollis","Africa","n"
"414","0391.jpg","Pituophis catenifer","North America","n"
"415","0392.jpg","Pituophis catenifer","North America","n"
"416","0393.jpg","Pituophis catenifer","North America","n"
"417","0394.jpg","Pituophis catenifer","North America","n"
"418","0395.jpg","Pituophis catenifer","North America","n"
"419","0396.jpg","Pituophis catenifer","North America","n"
"420","0397.jpg","Pituophis catenifer","North America","n"
"421","0398.jpg","Pituophis catenifer","North America","n"
"422","0399.jpg","Pituophis catenifer","North America","n"
"423","0400.jpg","Pituophis catenifer","North America","n"
"424","0401.jpg","Hierophis viridiflavus","Europe","n"
"425","0402.jpg","Hierophis viridiflavus","Europe","n"
"426","0403.jpg","Hierophis viridiflavus","Europe","n"
"427","0405.jpg","Hierophis viridiflavus","Europe","n"
"428","0406.jpg","Hierophis viridiflavus","Europe","n"
"429","0407.jpg","Hierophis viridiflavus","Europe","n"
"430","0408.jpg","Hierophis viridiflavus","Europe","n"
"431","0409.jpg","Hierophis viridiflavus","Europe","n"
"432","0410.jpg","Hierophis viridiflavus","Europe","n"
"433","0411.jpg","Opheodrys aestivus","North America","n"
"434","0412.jpg","Opheodrys aestivus","North America","n"
"435","0413.jpg","Opheodrys aestivus","North America","n"
"436","0414.jpg","Opheodrys aestivus","North America","n"
"437","0415.jpg","Opheodrys aestivus","North America","n"
"438","0416.jpg","Opheodrys aestivus","North America","n"
"439","0417.jpg","Opheodrys aestivus","North America","n"
"440","0418.jpg","Opheodrys aestivus","North America","n"
"441","0419.jpg","Opheodrys aestivus","North America","n"
"442","0420.jpg","Opheodrys aestivus","North America","n"
"443","0421.jpg","Natrix tessellata","Asia","n"
"444","0422.jpg","Natrix tessellata","Asia","n"
"445","0423.jpg","Natrix tessellata","Asia","n"
"446","0424.jpg","Natrix tessellata","Asia","n"
"447","0425.jpg","Natrix tessellata","Asia","n"
"448","0426.jpg","Natrix tessellata","Europe","n"
"449","0427.jpg","Natrix tessellata","Asia","n"
"450","0428.jpg","Natrix tessellata","Asia","n"
"451","0429.jpg","Natrix tessellata","Asia","n"
"452","0430.jpg","Natrix tessellata","Asia","n"
"453","0431.jpg","Bothrops asper","North America","n"
"454","0432.jpg","Bothrops asper","South America","n"
"455","0433.jpg","Bothrops asper","North America","n"
"456","0434.jpg","Bothrops asper","South America","n"
"457","0435.jpg","Bothrops asper","South America","n"
"458","0436.jpg","Bothrops asper","North America","n"
"459","0437.jpg","Bothrops asper","North America","n"
"460","0438.jpg","Bothrops asper","North America","n"
"461","0439.jpg","Bothrops asper","North America","n"
"462","0440.jpg","Bothrops asper","North America","n"
"463","0441.jpg","Bothriechis schlegelii","North America","n"
"464","0442.jpg","Bothriechis schlegelii","North America","n"
"465","0443.jpg","Bothriechis schlegelii","North America","n"
"466","0444.jpg","Bothriechis schlegelii","North America","n"
"467","0445.jpg","Bothriechis schlegelii","North America","n"
"468","0446.jpg","Bothriechis schlegelii","North America","n"
"469","0447.jpg","Bothriechis schlegelii","North America","n"
"470","0448.jpg","Bothriechis schlegelii","North America","n"
"471","0449.jpg","Bothriechis schlegelii","North America","n"
"472","0450.jpg","Bothriechis schlegelii","North America","n"
"473","0451.jpg","Boaedon fuliginosus","Africa","n"
"474","0452.jpg","Boaedon fuliginosus","Africa","n"
"475","0453.jpg","Boaedon fuliginosus","Africa","n"
"476","0454.jpg","Boaedon fuliginosus","Africa","n"
"477","0455.jpg","Boaedon fuliginosus","Africa","n"
"478","0456.jpg","Boaedon fuliginosus","Africa","n"
"479","0457.jpg","Boaedon fuliginosus","Africa","n"
"480","0458.jpg","Boaedon fuliginosus","Africa","n"
"481","0459.jpg","Boaedon fuliginosus","Africa","n"
"482","0461.jpg","Malpolon monspessulanus","Europe","n"
"483","0462.jpg","Malpolon monspessulanus","Europe","n"
"484","0463.jpg","Malpolon monspessulanus","Africa","n"
"485","0464.jpg","Malpolon monspessulanus","Europe","n"
"486","0465.jpg","Malpolon monspessulanus","Europe","n"
"487","0466.jpg","Malpolon monspessulanus","Europe","n"
"488","0467.jpg","Malpolon monspessulanus","Europe","n"
"489","0468.jpg","Malpolon monspessulanus","Europe","n"
"490","0469.jpg","Malpolon monspessulanus","Europe","n"
"491","0470.jpg","Malpolon monspessulanus","Europe","n"
"492","0471.jpg","Morelia spilota","Australasia/Oceania","n"
"493","0472.jpg","Morelia spilota","Australasia/Oceania","n"
"494","0473.jpg","Morelia spilota","Australasia/Oceania","n"
"495","0474.jpg","Morelia spilota","Australasia/Oceania","n"
"496","0475.jpg","Morelia spilota","Australasia/Oceania","n"
"497","0476.jpg","Morelia spilota","Australasia/Oceania","n"
"498","0477.jpg","Morelia spilota","Australasia/Oceania","n"
"499","0478.jpg","Morelia spilota","Australasia/Oceania","n"
"500","0479.jpg","Morelia spilota","Australasia/Oceania","n"
"501","0480.jpg","Morelia spilota","Australasia/Oceania","n"
"502","0481.jpg","Pseudonaja textilis","Australasia/Oceania","n"
"503","0482.jpg","Pseudonaja textilis","Australasia/Oceania","n"
"504","0483.jpg","Pseudonaja textilis","Australasia/Oceania","n"
"505","0484.jpg","Pseudonaja textilis","Australasia/Oceania","n"
"506","0485.jpg","Pseudonaja textilis","Australasia/Oceania","n"
"507","0486.jpg","Pseudonaja textilis","Australasia/Oceania","n"
"508","0487.jpg","Pseudonaja textilis","Australasia/Oceania","n"
"509","0488.jpg","Pseudonaja textilis","Australasia/Oceania","n"
"510","0489.jpg","Pseudonaja textilis","Australasia/Oceania","n"
"511","0490.jpg","Pseudonaja textilis","Australasia/Oceania","n"
"512","0491.jpg","Laticauda colubrina","Asia","n"
"513","0492.jpg","Laticauda colubrina","Asia","n"
"514","0493.jpg","Laticauda colubrina","Asia","n"
"515","0494.jpg","Laticauda colubrina","Asia","n"
"516","0495.jpg","Laticauda colubrina","Asia","n"
"517","0496.jpg","Laticauda colubrina","Asia","n"
"518","0498.jpg","Laticauda colubrina","Asia","n"
"519","0499.jpg","Laticauda colubrina","Asia","n"
"520","0500.jpg","Laticauda colubrina","Asia","n"
"521","0501.jpg","Micrurus diastema","North America","n"
"522","0502.jpg","Micrurus diastema","North America","n"
"523","0503.jpg","Micrurus diastema","North America","n"
"524","0504.jpg","Micrurus diastema","North America","n"
"525","0505.jpg","Micrurus diastema","North America","n"
"526","0506.jpg","Micrurus diastema","North America","n"
"527","0507.jpg","Micrurus diastema","North America","n"
"528","0508.jpg","Micrurus diastema","North America","n"
"529","0509.jpg","Micrurus diastema","North America","n"
"530","0510.jpg","Micrurus diastema","North America","n"
"531","0511.jpg","Drymarchon melanurus","North America","n"
"532","0512.jpg","Drymarchon melanurus","North America","n"
"533","0513.jpg","Drymarchon melanurus","North America","n"
"534","0514.jpg","Drymarchon melanurus","North America","n"
"535","0515.jpg","Drymarchon melanurus","North America","n"
"536","0516.jpg","Drymarchon melanurus","North America","n"
"537","0517.jpg","Drymarchon melanurus","North America","n"
"538","0518.jpg","Drymarchon melanurus","North America","n"
"539","0519.jpg","Drymarchon melanurus","North America","n"
"540","0520.jpg","Drymarchon melanurus","North America","n"
"541","0521.jpg","Charina bottae","North America","n"
"542","0522.jpg","Charina bottae","North America","n"
"543","0523.jpg","Charina bottae","North America","n"
"544","0524.jpg","Charina bottae","North America","n"
"545","0525.jpg","Charina bottae","North America","n"
"546","0526.jpg","Charina bottae","North America","n"
"547","0527.jpg","Charina bottae","North America","n"
"548","0528.jpg","Charina bottae","North America","n"
"549","0529.jpg","Charina bottae","North America","n"
"550","0530.jpg","Charina bottae","North America","n"
"551","0531.jpg","Diadophis punctatus","North America","n"
"552","0532.jpg","Diadophis punctatus","North America","n"
"553","0533.jpg","Diadophis punctatus","North America","n"
"554","0534.jpg","Diadophis punctatus","North America","n"
"555","0535.jpg","Diadophis punctatus","North America","n"
"556","0536.jpg","Diadophis punctatus","North America","n"
"557","0537.jpg","Diadophis punctatus","North America","n"
"558","0538.jpg","Diadophis punctatus","North America","n"
"559","0539.jpg","Diadophis punctatus","North America","n"
"560","0540.jpg","Diadophis punctatus","North America","n"
"561","0541.jpg","Dendroaspis angusticeps","Africa","n"
"562","0542.jpg","Dendroaspis angusticeps","Africa","n"
"563","0544.jpg","Dendroaspis angusticeps","Africa","n"
"564","0545.jpg","Dendroaspis angusticeps","Africa","n"
"565","0546.jpg","Dendroaspis angusticeps","Africa","n"
"566","0547.jpg","Dendroaspis angusticeps","Africa","n"
"567","0548.jpg","Dendroaspis angusticeps","Africa","n"
"568","0549.jpg","Dendroaspis angusticeps","Africa","n"
"569","0550.jpg","Dendroaspis angusticeps","Africa","n"
"570","0551.jpg","Pseudaspis cana","Africa","n"
"571","0552.jpg","Pseudaspis cana","Africa","n"
"572","0553.jpg","Pseudaspis cana","Africa","n"
"573","0554.jpg","Pseudaspis cana","Africa","n"
"574","0555.jpg","Pseudaspis cana","Africa","n"
"575","0556.jpg","Pseudaspis cana","Africa","n"
"576","0557.jpg","Pseudaspis cana","Africa","n"
"577","0558.jpg","Pseudaspis cana","Africa","y"
"578","0559.jpg","Pseudaspis cana","Africa","n"
"579","0560.jpg","Pseudaspis cana","Africa","n"
"580","0561.jpg","Gloydius brevicaudus","Asia","n"
"581","0562.jpg","Gloydius brevicaudus","Asia","n"
"582","0563.jpg","Gloydius brevicaudus","Asia","n"
"583","0564.jpg","Gloydius brevicaudus","Asia","n"
"584","0565.jpg","Gloydius brevicaudus","Asia","n"
"585","0566.jpg","Gloydius brevicaudus","Asia","n"
"586","0567.jpg","Gloydius brevicaudus","Asia","n"
"587","0568.jpg","Gloydius brevicaudus","Asia","n"
"588","0569.jpg","Gloydius brevicaudus","Asia","n"
"589","0570.jpg","Gloydius brevicaudus","Asia","n"
"590","0571.jpg","Xenochrophis piscator","Asia","n"
"591","0572.jpg","Xenochrophis piscator","Asia","n"
"592","0573.jpg","Xenochrophis piscator","Asia","n"
"593","0576.jpg","Xenochrophis piscator","Asia","n"
"594","0577.jpg","Xenochrophis piscator","Asia","n"
"595","0578.jpg","Xenochrophis piscator","Asia","n"
"596","0581.jpg","Rhabdophis subminiatus","Asia","n"
"597","0582.jpg","Rhabdophis subminiatus","Asia","n"
"598","0583.jpg","Rhabdophis subminiatus","Asia","n"
"599","0584.jpg","Rhabdophis subminiatus","Asia","n"
"600","0585.jpg","Rhabdophis subminiatus","Asia","n"
"601","0586.jpg","Rhabdophis subminiatus","Asia","n"
"602","0587.jpg","Rhabdophis subminiatus","Asia","n"
"603","0588.jpg","Rhabdophis subminiatus","Asia","n"
"604","0589.jpg","Rhabdophis subminiatus","Asia","n"
"605","0590.jpg","Rhabdophis subminiatus","Asia","n"
"606","0591.jpg","Erythrolamprus aesculapii","South America","n"
"607","0592.jpg","Erythrolamprus aesculapii","South America","n"
"608","0593.jpg","Erythrolamprus aesculapii","South America","n"
"609","0594.jpg","Erythrolamprus aesculapii","South America","n"
"610","0595.jpg","Erythrolamprus aesculapii","South America","n"
"611","0596.jpg","Erythrolamprus aesculapii","South America","n"
"612","0597.jpg","Erythrolamprus aesculapii","South America","n"
"613","0598.jpg","Erythrolamprus aesculapii","South America","n"
"614","0599.jpg","Erythrolamprus aesculapii","South America","n"
"615","0600.jpg","Erythrolamprus aesculapii","South America","n"
"616","0601.jpg","Atractaspis bibronii","Africa","n"
"617","0602.jpg","Atractaspis bibronii","Africa","n"
"618","0603.jpg","Atractaspis bibronii","Africa","n"
"619","0604.jpg","Atractaspis bibronii","Africa","n"
"620","0605.jpg","Atractaspis bibronii","Africa","n"
"621","0606.jpg","Atractaspis bibronii","Africa","n"
"622","0607.jpg","Atractaspis bibronii","Africa","n"
"623","0608.jpg","Atractaspis bibronii","Africa","n"
"624","0609.jpg","Atractaspis bibronii","Africa","n"
"625","0610.jpg","Atractaspis bibronii","Africa","n"
"626","0611.jpg","Psammodynastes pulverulentus","Asia","n"
"627","0612.jpg","Psammodynastes pulverulentus","Asia","n"
"628","0613.jpg","Psammodynastes pulverulentus","Asia","n"
"629","0614.jpg","Psammodynastes pulverulentus","Asia","n"
"630","0615.jpg","Psammodynastes pulverulentus","Asia","n"
"631","0616.jpg","Psammodynastes pulverulentus","Asia","n"
"632","0617.jpg","Psammodynastes pulverulentus","Asia","n"
"633","0618.jpg","Psammodynastes pulverulentus","Asia","n"
"634","0619.jpg","Psammodynastes pulverulentus","Asia","n"
"635","0620.jpg","Psammodynastes pulverulentus","Asia","n"
"636","0621.jpg","Ptyas mucosa","Asia","n"
"637","0622.jpg","Ptyas mucosa","Asia","n"
"638","0623.jpg","Ptyas mucosa","Asia","n"
"639","0624.jpg","Ptyas mucosa","Asia","n"
"640","0625.jpg","Ptyas mucosa","Asia","n"
"641","0626.jpg","Ptyas mucosa","Asia","n"
"642","0627.jpg","Ptyas mucosa","Asia","n"
"643","0628.jpg","Ptyas mucosa","Asia","n"
"644","0629.jpg","Ptyas mucosa","Asia","n"
"645","0630.jpg","Ptyas mucosa","Asia","n"
"646","0631.jpg","Imantodes cenchoa","South America","n"
"647","0632.jpg","Imantodes cenchoa","North America","n"
"648","0634.jpg","Imantodes cenchoa","South America","n"
"649","0635.jpg","Imantodes cenchoa","South America","n"
"650","0636.jpg","Imantodes cenchoa","North America","n"
"651","0637.jpg","Imantodes cenchoa","South America","n"
"652","0638.jpg","Imantodes cenchoa","North America","n"
"653","0639.jpg","Imantodes cenchoa","North America","n"
"654","0640.jpg","Imantodes cenchoa","North America","n"
"655","0641.jpg","Boiga irregularis","Australasia/Oceania","n"
"656","0642.jpg","Boiga irregularis","Australasia/Oceania","n"
"657","0643.jpg","Boiga irregularis","Australasia/Oceania","n"
"658","0644.jpg","Boiga irregularis","Australasia/Oceania","n"
"659","0645.jpg","Boiga irregularis","Australasia/Oceania","n"
"660","0646.jpg","Boiga irregularis","Australasia/Oceania","n"
"661","0647.jpg","Boiga irregularis","Australasia/Oceania","n"
"662","0648.jpg","Boiga irregularis","Australasia/Oceania","n"
"663","0649.jpg","Boiga irregularis","Australasia/Oceania","n"
"664","0650.jpg","Boiga irregularis","Australasia/Oceania","n"
"665","0651.jpg","Crotaphopeltis hotamboeia","Africa","n"
"666","0652.jpg","Crotaphopeltis hotamboeia","Africa","n"
"667","0653.jpg","Crotaphopeltis hotamboeia","Africa","n"
"668","0654.jpg","Crotaphopeltis hotamboeia","Africa","n"
"669","0655.jpg","Crotaphopeltis hotamboeia","Africa","n"
"670","0656.jpg","Crotaphopeltis hotamboeia","Africa","n"
"671","0657.jpg","Crotaphopeltis hotamboeia","Africa","n"
"672","0658.jpg","Crotaphopeltis hotamboeia","Africa","n"
"673","0659.jpg","Crotaphopeltis hotamboeia","Africa","n"
"674","0660.jpg","Crotaphopeltis hotamboeia","Africa","n"
"675","0661.jpg","Psammophis schokari","Asia","n"
"676","0662.jpg","Psammophis schokari","Asia","n"
"677","0663.jpg","Psammophis schokari","Asia","n"
"678","0664.jpg","Psammophis schokari","Asia","n"
"679","0665.jpg","Psammophis schokari","Asia","n"
"680","0666.jpg","Psammophis schokari","Asia","n"
"681","0667.jpg","Psammophis schokari","Asia","n"
"682","0668.jpg","Psammophis schokari","Asia","n"
"683","0669.jpg","Psammophis schokari","Africa","n"
"684","0670.jpg","Psammophis schokari","Asia","n"
"685","0671.jpg","Naja melanoleuca","Africa","n"
"686","0672.jpg","Naja melanoleuca","Africa","n"
"687","0673.jpg","Naja melanoleuca","Africa","n"
"688","0674.jpg","Naja melanoleuca","Africa","n"
"689","0675.jpg","Naja melanoleuca","Africa","n"
"690","0676.jpg","Naja melanoleuca","Africa","n"
"691","0677.jpg","Naja melanoleuca","Africa","n"
"692","0678.jpg","Naja melanoleuca","Africa","n"
"693","0679.jpg","Naja melanoleuca","Africa","n"
"694","0680.jpg","Naja melanoleuca","Africa","n"
"695","0681.jpg","Carphophis amoenus","North America","n"
"696","0682.jpg","Carphophis amoenus","North America","n"
"697","0683.jpg","Carphophis amoenus","North America","n"
"698","0684.jpg","Carphophis amoenus","North America","n"
"699","0685.jpg","Carphophis amoenus","North America","n"
"700","0686.jpg","Carphophis amoenus","North America","n"
"701","0687.jpg","Carphophis amoenus","North America","n"
"702","0688.jpg","Carphophis amoenus","North America","n"
"703","0689.jpg","Carphophis amoenus","North America","n"
"704","0690.jpg","Carphophis amoenus","North America","n"
"705","0691.jpg","Chrysopelea paradisi","Asia","n"
"706","0692.jpg","Chrysopelea paradisi","Asia","n"
"707","0693.jpg","Chrysopelea paradisi","Asia","n"
"708","0694.jpg","Chrysopelea paradisi","Asia","n"
"709","0695.jpg","Chrysopelea paradisi","Asia","n"
"710","0696.jpg","Chrysopelea paradisi","Asia","n"
"711","0697.jpg","Chrysopelea paradisi","Asia","n"
"712","0698.jpg","Chrysopelea paradisi","Asia","n"
"713","0699.jpg","Chrysopelea paradisi","Asia","n"
"714","0700.jpg","Chrysopelea paradisi","Asia","n"
"715","0701.jpg","Dipsas catesbyi","South America","n"
"716","0702.jpg","Dipsas catesbyi","South America","n"
"717","0703.jpg","Dipsas catesbyi","South America","n"
"718","0704.jpg","Dipsas catesbyi","South America","n"
"719","0705.jpg","Dipsas catesbyi","South America","n"
"720","0706.jpg","Dipsas catesbyi","South America","n"
"721","0707.jpg","Dipsas catesbyi","South America","n"
"722","0708.jpg","Dipsas catesbyi","South America","n"
"723","0709.jpg","Dipsas catesbyi","South America","n"
"724","0710.jpg","Dipsas catesbyi","South America","n"
"725","0711.jpg","Python sebae","Africa","n"
"726","0712.jpg","Python sebae","Africa","n"
"727","0713.jpg","Python sebae","Africa","n"
"728","0714.jpg","Python sebae","Africa","n"
"729","0715.jpg","Python sebae","Africa","n"
"730","0716.jpg","Python sebae","Africa","n"
"731","0717.jpg","Python sebae","Africa","n"
"732","0718.jpg","Python sebae","Africa","n"
"733","0719.jpg","Python sebae","Africa","n"
"734","0720.jpg","Python sebae","Africa","n"
"735","0721.jpg","Causus rhombeatus","Africa","n"
"736","0722.jpg","Causus rhombeatus","Africa","n"
"737","0723.jpg","Causus rhombeatus","Africa","n"
"738","0724.jpg","Causus rhombeatus","Africa","n"
"739","0725.jpg","Causus rhombeatus","Africa","n"
"740","0726.jpg","Causus rhombeatus","Africa","n"
"741","0727.jpg","Causus rhombeatus","Africa","n"
"742","0728.jpg","Causus rhombeatus","Africa","n"
"743","0729.jpg","Causus rhombeatus","Africa","n"
"744","0730.jpg","Causus rhombeatus","Africa","n"
"745","0731.jpg","Ahaetulla prasina","Asia","n"
"746","0733.jpg","Ahaetulla prasina","Asia","n"
"747","0734.jpg","Ahaetulla prasina","Asia","n"
"748","0735.jpg","Ahaetulla prasina","Asia","n"
"749","0736.jpg","Ahaetulla prasina","Asia","n"
"750","0737.jpg","Ahaetulla prasina","Asia","n"
"751","0738.jpg","Ahaetulla prasina","Asia","n"
"752","0739.jpg","Ahaetulla prasina","Asia","n"
"753","0740.jpg","Ahaetulla prasina","Asia","n"
"754","0741.jpg","Pliocercus elapoides","North America","n"
"755","0742.jpg","Pliocercus elapoides","North America","n"
"756","0743.jpg","Pliocercus elapoides","North America","n"
"757","0744.jpg","Pliocercus elapoides","North America","n"
"758","0745.jpg","Pliocercus elapoides","North America","n"
"759","0746.jpg","Pliocercus elapoides","North America","n"
"760","0747.jpg","Pliocercus elapoides","North America","n"
"761","0748.jpg","Pliocercus elapoides","North America","n"
"762","0749.jpg","Pliocercus elapoides","North America","n"
"763","0750.jpg","Pliocercus elapoides","North America","n"
"764","0751.jpg","Eryx conicus","Asia","n"
"765","0752.jpg","Eryx conicus","Asia","n"
"766","0753.jpg","Eryx conicus","Asia","n"
"767","0754.jpg","Eryx conicus","Asia","n"
"768","0755.jpg","Eryx conicus","Asia","n"
"769","0757.jpg","Eryx conicus","Asia","n"
"770","0758.jpg","Eryx conicus","Asia","n"
"771","0759.jpg","Eryx conicus","Asia","n"
"772","0760.jpg","Eryx conicus","Asia","n"
"773","0761.jpg","Coronella austriaca","Europe","n"
"774","0762.jpg","Coronella austriaca","Europe","n"
"775","0763.jpg","Coronella austriaca","Europe","n"
"776","0764.jpg","Coronella austriaca","Europe","n"
"777","0765.jpg","Coronella austriaca","Europe","n"
"778","0766.jpg","Coronella austriaca","Europe","n"
"779","0767.jpg","Coronella austriaca","Europe","n"
"780","0768.jpg","Coronella austriaca","Europe","n"
"781","0769.jpg","Coronella austriaca","Europe","n"
"782","0770.jpg","Coronella austriaca","Europe","n"
"783","0771.jpg","Thamnophis elegans","North America","n"
"784","0772.jpg","Thamnophis elegans","North America","n"
"785","0773.jpg","Thamnophis elegans","North America","n"
"786","0774.jpg","Thamnophis elegans","North America","n"
"787","0775.jpg","Thamnophis elegans","North America","n"
"788","0776.jpg","Thamnophis elegans","North America","n"
"789","0777.jpg","Thamnophis elegans","North America","n"
"790","0778.jpg","Thamnophis elegans","North America","n"
"791","0779.jpg","Thamnophis elegans","North America","n"
"792","0780.jpg","Thamnophis elegans","North America","n"
"793","0781.jpg","Sistrurus catenatus","North America","n"
"794","0782.jpg","Sistrurus catenatus","North America","n"
"795","0784.jpg","Sistrurus catenatus","North America","n"
"796","0785.jpg","Sistrurus catenatus","North America","n"
"797","0787.jpg","Sistrurus catenatus","North America","n"
"798","0790.jpg","Sistrurus catenatus","North America","n"
"799","0791.jpg","Opheodrys vernalis","North America","n"
"800","0792.jpg","Opheodrys vernalis","North America","n"
"801","0793.jpg","Opheodrys vernalis","North America","n"
"802","0794.jpg","Opheodrys vernalis","North America","n"
"803","0795.jpg","Opheodrys vernalis","North America","n"
"804","0797.jpg","Opheodrys vernalis","North America","n"
"805","0798.jpg","Opheodrys vernalis","North America","n"
"806","0799.jpg","Opheodrys vernalis","North America","n"
"807","0800.jpg","Opheodrys vernalis","North America","n"
"808","0801.jpg","Rena dulcis","North America","n"
"809","0802.jpg","Rena dulcis","North America","n"
"810","0803.jpg","Rena dulcis","North America","n"
"811","0804.jpg","Rena dulcis","North America","n"
"812","0805.jpg","Rena dulcis","North America","n"
"813","0806.jpg","Rena dulcis","North America","n"
"814","0807.jpg","Rena dulcis","North America","n"
"815","0808.jpg","Rena dulcis","North America","n"
"816","0809.jpg","Rena dulcis","North America","n"
"817","0810.jpg","Rena dulcis","North America","n"
"818","0811.jpg","Thamnophis sirtalis","North America","n"
"819","0812.jpg","Thamnophis sirtalis","North America","n"
"820","0813.jpg","Thamnophis sirtalis","North America","n"
"821","0814.jpg","Thamnophis sirtalis","North America","n"
"822","0815.jpg","Thamnophis sirtalis","North America","n"
"823","0816.jpg","Thamnophis sirtalis","North America","n"
"824","0817.jpg","Thamnophis sirtalis","North America","n"
"825","0818.jpg","Thamnophis sirtalis","North America","n"
"826","0819.jpg","Thamnophis sirtalis","North America","n"
"827","0820.jpg","Thamnophis sirtalis","North America","n"
"828","0821.jpg","Crotalus oreganus","North America","n"
"829","0822.jpg","Crotalus oreganus","North America","n"
"830","0823.jpg","Crotalus oreganus","North America","n"
"831","0824.jpg","Crotalus oreganus","North America","n"
"832","0825.jpg","Crotalus oreganus","North America","n"
"833","0826.jpg","Crotalus oreganus","North America","n"
"834","0827.jpg","Crotalus oreganus","North America","n"
"835","0828.jpg","Crotalus oreganus","North America","n"
"836","0829.jpg","Crotalus oreganus","North America","n"
"837","0830.jpg","Crotalus oreganus","North America","n"
"838","0831.jpg","Pantherophis guttatus","North America","n"
"839","0832.jpg","Pantherophis guttatus","North America","n"
"840","0833.jpg","Pantherophis guttatus","North America","n"
"841","0834.jpg","Pantherophis guttatus","North America","n"
"842","0835.jpg","Pantherophis guttatus","North America","n"
"843","0836.jpg","Pantherophis guttatus","North America","n"
"844","0838.jpg","Pantherophis guttatus","North America","n"
"845","0839.jpg","Pantherophis guttatus","North America","n"
"846","0840.jpg","Pantherophis guttatus","North America","n"
"847","0841.jpg","Natrix maura","Africa","n"
"848","0842.jpg","Natrix maura","Europe","n"
"849","0843.jpg","Natrix maura","Europe","n"
"850","0844.jpg","Natrix maura","Africa","n"
"851","0845.jpg","Natrix maura","Europe","n"
"852","0846.jpg","Natrix maura","Europe","n"
"853","0847.jpg","Natrix maura","Europe","n"
"854","0848.jpg","Natrix maura","Europe","n"
"855","0849.jpg","Natrix maura","Africa","n"
"856","0851.jpg","Haldea striatula","North America","n"
"857","0852.jpg","Haldea striatula","North America","n"
"858","0853.jpg","Haldea striatula","North America","n"
"859","0854.jpg","Haldea striatula","North America","n"
"860","0855.jpg","Haldea striatula","North America","n"
"861","0856.jpg","Haldea striatula","North America","n"
"862","0857.jpg","Haldea striatula","North America","n"
"863","0858.jpg","Haldea striatula","North America","n"
"864","0859.jpg","Haldea striatula","North America","n"
"865","0860.jpg","Haldea striatula","North America","n"
"866","0861.jpg","Crotalus scutulatus","North America","n"
"867","0862.jpg","Crotalus scutulatus","North America","n"
"868","0863.jpg","Crotalus scutulatus","North America","n"
"869","0864.jpg","Crotalus scutulatus","North America","n"
"870","0865.jpg","Crotalus scutulatus","North America","n"
"871","0866.jpg","Crotalus scutulatus","North America","n"
"872","0867.jpg","Crotalus scutulatus","North America","n"
"873","0869.jpg","Crotalus scutulatus","North America","n"
"874","0870.jpg","Crotalus scutulatus","North America","n"
"875","0871.jpg","Zamenis longissimus","Europe","n"
"876","0872.jpg","Zamenis longissimus","Europe","n"
"877","0873.jpg","Zamenis longissimus","Europe","n"
"878","0874.jpg","Zamenis longissimus","Europe","n"
"879","0875.jpg","Zamenis longissimus","Europe","n"
"880","0876.jpg","Zamenis longissimus","Europe","n"
"881","0877.jpg","Zamenis longissimus","Europe","n"
"882","0878.jpg","Zamenis longissimus","Europe","n"
"883","0879.jpg","Zamenis longissimus","Europe","n"
"884","0880.jpg","Zamenis longissimus","Europe","n"
"885","0881.jpg","Masticophis flagellum","North America","n"
"886","0882.jpg","Masticophis flagellum","North America","n"
"887","0883.jpg","Masticophis flagellum","North America","n"
"888","0884.jpg","Masticophis flagellum","North America","n"
"889","0885.jpg","Masticophis flagellum","North America","n"
"890","0886.jpg","Masticophis flagellum","North America","n"
"891","0887.jpg","Masticophis flagellum","North America","n"
"892","0888.jpg","Masticophis flagellum","North America","n"
"893","0889.jpg","Masticophis flagellum","North America","n"
"894","0890.jpg","Masticophis flagellum","North America","n"
"895","0891.jpg","Acanthophis antarcticus","Australasia/Oceania","n"
"896","0892.jpg","Acanthophis antarcticus","Australasia/Oceania","n"
"897","0893.jpg","Acanthophis antarcticus","Australasia/Oceania","n"
"898","0894.jpg","Acanthophis antarcticus","Australasia/Oceania","n"
"899","0895.jpg","Acanthophis antarcticus","Australasia/Oceania","n"
"900","0896.jpg","Acanthophis antarcticus","Australasia/Oceania","n"
"901","0897.jpg","Acanthophis antarcticus","Australasia/Oceania","n"
"902","0898.jpg","Acanthophis antarcticus","Australasia/Oceania","n"
"903","0899.jpg","Acanthophis antarcticus","Australasia/Oceania","n"
"904","0900.jpg","Acanthophis antarcticus","Australasia/Oceania","n"
"905","0902.jpg","Trimeresurus albolabris","Asia","n"
"906","0904.jpg","Trimeresurus albolabris","Asia","n"
"907","0905.jpg","Trimeresurus albolabris","Asia","n"
"908","0906.jpg","Trimeresurus albolabris","Asia","n"
"909","0907.jpg","Trimeresurus albolabris","Asia","n"
"910","0908.jpg","Trimeresurus albolabris","Asia","n"
"911","0909.jpg","Trimeresurus albolabris","Asia","n"
"912","0910.jpg","Trimeresurus albolabris","Asia","n"
"913","0911.jpg","Pseudechis australis","Australasia/Oceania","n"
"914","0913.jpg","Pseudechis australis","Australasia/Oceania","n"
"915","0914.jpg","Pseudechis australis","Australasia/Oceania","n"
"916","0915.jpg","Pseudechis australis","Australasia/Oceania","n"
"917","0916.jpg","Pseudechis australis","Australasia/Oceania","n"
"918","0917.jpg","Pseudechis australis","Australasia/Oceania","n"
"919","0918.jpg","Pseudechis australis","Australasia/Oceania","n"
"920","0919.jpg","Pseudechis australis","Australasia/Oceania","n"
"921","0920.jpg","Pseudechis australis","Australasia/Oceania","n"
"922","0921.jpg","Notechis scutatus","Australasia/Oceania","n"
"923","0922.jpg","Notechis scutatus","Australasia/Oceania","n"
"924","0923.jpg","Notechis scutatus","Australasia/Oceania","n"
"925","0924.jpg","Notechis scutatus","Australasia/Oceania","n"
"926","0925.jpg","Notechis scutatus","Australasia/Oceania","n"
"927","0926.jpg","Notechis scutatus","Australasia/Oceania","n"
"928","0927.jpg","Notechis scutatus","Australasia/Oceania","n"
"929","0928.jpg","Notechis scutatus","Australasia/Oceania","n"
"930","0929.jpg","Notechis scutatus","Australasia/Oceania","n"
"931","0930.jpg","Notechis scutatus","Australasia/Oceania","n"
"932","0931.jpg","Trimeresurus stejnegeri","Asia","n"
"933","0932.jpg","Trimeresurus stejnegeri","Asia","n"
"934","0933.jpg","Trimeresurus stejnegeri","Asia","n"
"935","0934.jpg","Trimeresurus stejnegeri","Asia","n"
"936","0935.jpg","Trimeresurus stejnegeri","Asia","n"
"937","0936.jpg","Trimeresurus stejnegeri","Asia","n"
"938","0937.jpg","Trimeresurus stejnegeri","Asia","n"
"939","0938.jpg","Trimeresurus stejnegeri","Asia","n"
"940","0939.jpg","Trimeresurus stejnegeri","Asia","n"
"941","0940.jpg","Trimeresurus stejnegeri","Asia","n"
"942","0941.jpg","Dendrelaphis pictus","Asia","n"
"943","0942.jpg","Dendrelaphis pictus","Asia","n"
"944","0943.jpg","Dendrelaphis pictus","Asia","n"
"945","0944.jpg","Dendrelaphis pictus","Asia","n"
"946","0945.jpg","Dendrelaphis pictus","Asia","n"
"947","0946.jpg","Dendrelaphis pictus","Asia","n"
"948","0947.jpg","Dendrelaphis pictus","Asia","n"
"949","0948.jpg","Dendrelaphis pictus","Asia","n"
"950","0949.jpg","Dendrelaphis pictus","Asia","n"
"951","0950.jpg","Dendrelaphis pictus","Asia","n"
"952","0951.jpg","Bothrops atrox","South America","n"
"953","0952.jpg","Bothrops atrox","South America","n"
"954","0953.jpg","Bothrops atrox","South America","n"
"955","0954.jpg","Bothrops atrox","South America","n"
"956","0955.jpg","Bothrops atrox","South America","n"
"957","0956.jpg","Bothrops atrox","South America","n"
"958","0957.jpg","Bothrops atrox","South America","n"
"959","0958.jpg","Bothrops atrox","South America","n"
"960","0959.jpg","Bothrops atrox","South America","n"
"961","0960.jpg","Bothrops atrox","South America","n"
"962","0961.jpg","Psammophylax rhombeatus","Africa","n"
"963","0962.jpg","Psammophylax rhombeatus","Africa","n"
"964","0963.jpg","Psammophylax rhombeatus","Africa","n"
"965","0964.jpg","Psammophylax rhombeatus","Africa","n"
"966","0965.jpg","Psammophylax rhombeatus","Africa","n"
"967","0966.jpg","Psammophylax rhombeatus","Africa","n"
"968","0967.jpg","Psammophylax rhombeatus","Africa","n"
"969","0968.jpg","Psammophylax rhombeatus","Africa","n"
"970","0969.jpg","Psammophylax rhombeatus","Africa","n"
"971","0970.jpg","Psammophylax rhombeatus","Africa","n"
"972","0971.jpg","Leptodeira annulata","North America","n"
"973","0972.jpg","Leptodeira annulata","North America","n"
"974","0973.jpg","Leptodeira annulata","South America","n"
"975","0974.jpg","Leptodeira annulata","South America","n"
"976","0975.jpg","Leptodeira annulata","South America","n"
"977","0976.jpg","Leptodeira annulata","South America","n"
"978","0977.jpg","Leptodeira annulata","South America","n"
"979","0978.jpg","Leptodeira annulata","South America","n"
"980","0979.jpg","Leptodeira annulata","North America","n"
"981","0980.jpg","Leptodeira annulata","South America","n"
"982","0981.jpg","Leptophis ahaetulla","South America","n"
"983","0982.jpg","Leptophis ahaetulla","South America","n"
"984","0983.jpg","Leptophis ahaetulla","North America","n"
"985","0984.jpg","Leptophis ahaetulla","South America","n"
"986","0985.jpg","Leptophis ahaetulla","South America","n"
"987","0986.jpg","Leptophis ahaetulla","South America","n"
"988","0987.jpg","Leptophis ahaetulla","South America","n"
"989","0988.jpg","Leptophis ahaetulla","South America","n"
"990","0989.jpg","Leptophis ahaetulla","South America","n"
"991","0990.jpg","Leptophis ahaetulla","North America","n"
"992","0991.jpg","Spilotes pullatus","North America","n"
"993","0992.jpg","Spilotes pullatus","North America","n"
"994","0993.jpg","Spilotes pullatus","North America","n"
"995","0994.jpg","Spilotes pullatus","North America","n"
"996","0995.jpg","Spilotes pullatus","North America","n"
"997","0996.jpg","Spilotes pullatus","North America","n"
"998","0997.jpg","Spilotes pullatus","South America","n"
"999","0998.jpg","Spilotes pullatus","South America","n"
"1000","0999.jpg","Spilotes pullatus","South America","n"
"1001","1000.jpg","Spilotes pullatus","South America","n"
"1002","1001.jpg","Heterodon nasicus","North America","y"
"1003","1002.jpg","Leioheterodon madagascariensis","Africa","y"
"1004","1003.jpg","Afrotyphlops schlegelii","Africa","y"
"1005","1004.jpg","Azemiops feae","Asia","y"
"1006","1005.jpg","Chrysopelea ornata","Asia","y"
"1007","1006.jpg","Bitis gabonica","Africa","y"
"1008","1007.jpg","Drymarchon corais","South America","y"
"1009","1008.jpg","Coelognathus radiatus","Asia","y"
"1010","1009.jpg","Gloydius blomhoffii","Asia","y"
"1011","1010.jpg","Crotalus atrox","North America","y"
"1012","1011.jpg","Anilius scytale","South America","y"
"1013","1012.jpg","Thamnophis saurita","North America","y"
"1014","1013.jpg","Hemerophis socotrae","Asia","y"
"1015","1014.jpg","Philodryas aestiva","South America","y"
"1016","1015.jpg","Gloydius halys","Asia","y"
"1017","1016.jpg","Loxocemus bicolor","North America","y"
"1018","1017.jpg","Xenopeltis unicolor","Asia","y"
"1019","1018.jpg","Tropidophis melanurus","North America","y"
"1020","1020.jpg","Myrrophis chinensis","Asia","y"
"1021","1021.jpg","Eryx jaculus","Europe","y"
"1022","1022.jpg","Xenodon merremii","South America","y"
"1023","1023.jpg","Naja haje","Africa","y"
"1024","1024.jpg","Hapsidophrys smaragdinus","Africa","y"
"1025","1025.jpg","Atheris squamigera","Africa","y"
"1026","1026.jpg","Causus maculatus","Africa","y"
"1027","1027.jpg","Uromacer catesbyi","North America","y"
"1028","1028.jpg","Bamanophis dorri","Africa","y"
"1029","1029.jpg","Macrovipera lebetina","Asia","y"
"1030","1030.jpg","Xerotyphlops vermicularis","Asia","y"
"1031","1031.jpg","Hypnale hypnale","Asia","y"
"1032","1032.jpg","Duberria lutrix","Africa","y"
"1033","1033.jpg","Aparallactus capensis","Africa","y"
"1034","1034.jpg","Lycodonomorphus rufulus","Africa","y"
"1035","1035.jpg","Lampropeltis getula","North America","y"
"1036","1036.jpg","Hydrophis platurus","North America","y"
"1037","1037.jpg","Pseudechis porphyriacus","Australasia/Oceania","y"
"1038","1038.jpg","Dendrelaphis punctulatus","Australasia/Oceania","y"
"1039","1039.jpg","Austrelaps superbus","Australasia/Oceania","y"
"1040","1040.jpg","Demansia psammophis","Australasia/Oceania","y"
"1041","1041.jpg","Aspidites melanocephalus","Australasia/Oceania","y"
"1042","1042.jpg","Naja nivea","Africa","y"
"1043","1043.jpg","Homoroselaps lacteus","Africa","y"
"1044","1044.jpg","Telescopus semiannulatus","Africa","y"
"1045","1045.jpg","Aspidelaps lubricus","Africa","y"
"1046","1046.jpg","Langaha madagascariensis","Africa","y"
"1047","1047.jpg","Cerastes cerastes","Asia","y"
"1048","1048.jpg","Casarea dussumieri","Africa","y"
"1049","1049.jpg","Ahaetulla nasuta","Asia","y"
"1050","1050.jpg","Balanophis ceylonensis","Asia","y"
"1051","1051.jpg","Trimeresurus trigonocephalus","Asia","y"
"1052","1052.jpg","Uropeltis phipsonii","Asia","y"
"1053","1053.jpg","Calamaria schlegeli","Asia","y"
"1054","1054.jpg","Atractus elaps","South America","y"
"1055","1055.jpg","Atractus atlas","South America","y"
"1056","1056.jpg","Atractus werneri","South America","y"
"1057","1057.jpg","Geophis semidoliatus","North America","y"
"1058","1058.jpg","Geophis brachycephalus","North America","y"
"1059","1059.jpg","Candoia bibroni","Australasia/Oceania","y"
"1060","1060.jpg","Acrochordus granulatus","Asia","y"
"1061","1061.jpg","Achalinus formosanus","Asia","y"
"1062","1062.jpg","Xenodermus javanicus","Asia","y"
"1063","1063.jpg","Pareas carinatus","Asia","y"
"1064","1064.jpg","Pareas margaritophorus","Asia","y"
"1065","1065.jpg","Aplopeltura boa","Asia","y"
"1066","1066.jpg","Prosymna bivittata","Asia","y"
"1067","1067.jpg","Pseudoxenodon stejnegeri","Asia","y"
"1068","1068.jpg","Grayia smithii","Africa","y"
"1069","1069.jpg","Sibynophis chinensis","Asia","y"
"1070","1070.jpg","Scaphiodontophis annulatus","North America","y"
"1071","1071.jpg","Regina grahamii","North America","y"
"1072","1072.jpg","Farancia abacura","North America","y"
"1073","1073.jpg","Ninia sebae","North America","y"
"1074","1074.jpg","Liodytes pygaea","North America","y"
"1075","1075.jpg","Tropidonophis mairii","Australasia/Oceania","y"
"1076","1076.jpg","Sinonatrix percarinata","Asia","y"
"1077","1077.jpg","Clelia clelia","South America","y"
"1078","1078.jpg","Lichanura trivirgata","North America","y"
"1079","1079.jpg","Pseudoboa neuwiedii","North America","y"
"1080","1080.jpg","Lampropeltis californiae","North America","y"
"1081","1081.jpg","Phrynonax poecilonotus","North America","y"
"1082","1082.jpg","Oocatochus rufodorsatus","Asia","y"
"1083","1083.jpg","Rhinobothryum bovallii","South America","y"
"1084","1084.jpg","Tantilla bocourti","North America","y"
"1085","1085.jpg","Bungarus multicinctus","Asia","y"
"1086","1086.jpg","Micrurus lemniscatus","South America","y"
"1087","1087.jpg","Sinomicrurus macclellandi","Asia","y"
"1088","1088.jpg","Cacophis squamulosus","Australasia/Oceania","y"
"1089","1089.jpg","Calliophis intestinalis","Asia","y"
"1090","1090.jpg","Hemachatus haemachatus","Africa","y"
"1091","1091.jpg","Calloselasma rhodostoma","Asia","y"
"1092","1092.jpg","Cerrophidion godmani","North America","y"
"1093","1093.jpg","Echis omanensis","Asia","y"
"1094","1094.jpg","Protobothrops mucrosquamatus","Asia","y"
"1095","1095.jpg","Porthidium nasutum","North America","y"
"1096","1096.jpg","Corallus hortulanus","South America","y"
"1097","1097.jpg","Eunectes murinus","South America","y"
"1098","1098.jpg","Epicrates cenchria","South America","y"
"1099","1099.jpg","Malayopython reticulatus","Asia","y"
"1100","1100.jpg","Liotyphlops albirostris","South America","y"
